{"cameraMode":{"drawMode":0,"name":"Shaded","section":"Shading Mode"},"sceneLighting":true,"audioPlay":false,"sceneViewState":{"m_AlwaysRefresh":false,"showFog":true,"showSkybox":true,"showFlares":true,"showImageEffects":true,"showParticleSystems":true,"showVisualEffectGraphs":true,"m_FxEnabled":true},"in2DMode":false,"pivot":{"x":-0.8550238609313965,"y":-0.6463280916213989,"z":4.346622943878174},"rotation":{"x":0.08903500437736511,"y":-0.6306843757629395,"z":0.07316973805427551,"w":0.7674346566200256},"size":3.8780527114868166,"orthographic":false}