{"cameraMode":{"drawMode":0,"name":"Shaded","section":"Shading Mode"},"sceneLighting":true,"audioPlay":false,"sceneViewState":{"m_AlwaysRefresh":false,"showFog":true,"showSkybox":true,"showFlares":true,"showImageEffects":true,"showParticleSystems":true,"showVisualEffectGraphs":true,"m_FxEnabled":true},"in2DMode":false,"pivot":{"x":-1.470975399017334,"y":2.234649181365967,"z":-43.30577087402344},"rotation":{"x":0.03749089315533638,"y":-0.0044968691654503349,"z":0.00016872376727405936,"w":0.9992891550064087},"size":18.765193939208986,"orthographic":true}