{"cameraMode":{"drawMode":0,"name":"Shaded","section":"Shading Mode"},"sceneLighting":true,"audioPlay":false,"sceneViewState":{"m_AlwaysRefresh":false,"showFog":true,"showSkybox":true,"showFlares":true,"showImageEffects":true,"showParticleSystems":true,"showVisualEffectGraphs":true,"m_FxEnabled":true},"in2DMode":false,"pivot":{"x":5.975395679473877,"y":5.6329169273376469,"z":-53.94297409057617},"rotation":{"x":0.01049182191491127,"y":-0.03898796811699867,"z":0.0004093887109775096,"w":0.9991846084594727},"size":4.53809928894043,"orthographic":false}